keyword,title,link,date,industry,kw_type
KB국민은행 채용,"임종룡 회장의 우리금융, 왜 5대지주중 유일하게 실적 뒷걸음 쳤나?",http://www.ilemonde.com/news/articleView.html?idxno=22346,2026-05-10,금융권,company
KB국민은행 채용,"KB국민은행, '기술평가 전문인력' 채용…13일까지 기업상품부 근무인력...",http://www.wikileaks-kr.org/news/articleView.html?idxno=187170,2026-05-10,금융권,company
KB국민은행 채용,"금융권, 상품 출시-일자리 창출-수수료 면제 등 취약계층 지원 나서",http://www.wsobi.com/news/articleView.html?idxno=311573,2026-05-10,금융권,company
KB국민은행 채용,"[경제소식] 하나증권, 전북창조경제혁신센터와 지역 스타트업 육성 MOU",http://www.4th.kr/news/articleView.html?idxno=2111479,2026-05-10,금융권,company
KB국민은행 채용,희망퇴직 늘리고 신입 안 뽑았는데…4대은행 1분기 인건비 ‘2조’,https://www.mk.co.kr/article/12039899,2026-05-10,금융권,company
신한은행 공채,[Who Is ?] 양홍석 대신증권 부회장 겸 이사회 의장,https://www.businesspost.co.kr/BP?command=article_view&num=436551,2026-05-10,금융권,company
신한은행 공채,"[경제소식] 하나금융그룹, 서울시수의사회와 상생협력 MOU",http://www.4th.kr/news/articleView.html?idxno=2111295,2026-05-10,금융권,company
신한은행 공채,"정부 '5극 3특'·전북금융중심지…4대 은행, 지역인재 확보 경쟁",http://www.edaily.co.kr/news/newspath.asp?newsid=05070886645420712,2026-05-10,금융권,company
신한은행 공채,"[인터뷰] 임성수 그렙 대표 ""AI 역량 평가로 채용 판도 바꿀 것""",https://www.ddaily.co.kr/page/view/2026042717560184015,2026-05-10,금융권,company
신한은행 공채,"HD현대, 국내 최초 미 해군연구청 함정 연구과제 2건 수주",https://www.sedaily.com/article/20037317?ref=naver,2026-05-10,금융권,company
하나은행 채용,[대기업집단 새얼굴/비바리퍼블리카] 유니콘에서 '대기업' 등극까지 단...,http://www.consumernews.co.kr/news/articleView.html?idxno=755252,2026-05-10,금융권,company
하나은행 채용,희망퇴직 늘리고 채용 줄였지만 … 4대 은행 1분기 인건비 5%↑,https://www.mk.co.kr/article/12039469,2026-05-10,금융권,company
NH농협은행 채용,'2026광주/전남 지역인재 합동채용설명회' 동신대서 개최...대성황,https://www.veritas-a.com/news/articleView.html?idxno=608361,2026-05-10,금융권,company
NH농협은행 채용,광주·전남 지역인재 합동 채용 설명회 성황,http://www.jndn.com/article.php?aid=1777795897431894007,2026-05-10,금융권,company
NH농협은행 채용,'2026광주·전남 지역인재 합동채용설명회' 동신대서 성료…38개 기관 상...,https://www.etnews.com/20260503000031,2026-05-10,금융권,company
미래에셋 채용,[증권업계기상도]미래에셋증권 ‘맑음’ 미국 토큰화 시장 ‘룰셋’ 논...,https://www.nspna.com/news/?mode=view&newsid=812436,2026-05-10,금융권,company
미래에셋 채용,"휴젤, 톡신 수출 고성장에 1Q 최대 영업익…美 직판 준비 본격화",https://www.medipana.com/news/articleView.html?idxno=410978,2026-05-10,금융권,company
미래에셋 채용,"앤스로픽, 금융 AI 10종 공개…월가 정조준",https://www.sedaily.com/article/20041014?ref=naver,2026-05-10,금융권,company
미래에셋 채용,SNS·B2B 솔루션까지…신사업 확대하는 직장인 플랫폼,https://www.sedaily.com/article/20040954?ref=naver,2026-05-10,금융권,company
미래에셋 채용,'코스피 7000' 역대급 불장에도 중소형 증권사 공채 시장은 '썰렁',https://www.insightkorea.co.kr/news/articleView.html?idxno=245904,2026-05-10,금융권,company
삼성증권 채용,"K-바이오 볼모 잡은 ‘법 위의 투쟁’…삼성바이오 노조, ‘2차 파업’ ...",https://biz.heraldcorp.com/article/10734272?ref=naver,2026-05-10,금융권,company
삼성증권 채용,"[자막뉴스] 대기업 임직원 연봉 1위 'SK하이닉스'…""이래서 파업하나?"" ...",https://news.sbs.co.kr/news/endPage.do?news_id=N1008551992&plink=ORI&cooper=NAVER,2026-05-10,금융권,company
삼성증권 채용,'K바이오' 집어삼킨 삼성바이오로직스 노조...일주일 새 수천억 손실,https://www.theguru.co.kr/news/article.html?no=101493,2026-05-10,금융권,company
삼성증권 채용,"임원 평균 9억, 직원 1.8억… 하이닉스가 ‘연봉킹’",https://www.chosun.com/economy/industry-company/2026/05/08/K2TGGD3E6VDHLEXZJEB3SXGXOQ/?utm_source=naver&utm_medium=referral&utm_campaign=naver-news,2026-05-10,금융권,company
삼성증권 채용,대화 직전 신뢰 저버린 노조…삼성바이오 8일 노사정 면담 분수령,https://news.tf.co.kr/read/economy/2320306.htm,2026-05-10,금융권,company
금융권 채용 전망,“AI가 신입부터 밀어낸다”…美 청년들 덮친 첫 직장 쇼크,https://economist.co.kr/article/view/ecn202605090011,2026-05-10,금융권,trend
금융권 채용 전망,5월 8일 출근길 팟캐스트 2억6939만달러 롱 청산·디파이 거래량 1013% 급...,https://www.tokenpost.kr/news/insights/357465,2026-05-10,금융권,trend
금융권 채용 전망,공인중개업 '패닉' 수준…부동산서비스업 체감경기 60선 붕괴,https://www.newsway.co.kr/news/view?ud=2026050809111428654,2026-05-10,금융권,trend
금융권 채용 전망,‘대구 이전’ 12년 맞은 신보⋯순환근무·인사체계 손본다,https://www.etoday.co.kr/news/view/2582382,2026-05-10,금융권,trend
금융권 채용 전망,아파트값도 정년연장도 … 거시지표에 가려진 현실 직시해야 [정해주의...,https://www.mk.co.kr/article/12037591,2026-05-10,금융권,trend
은행 취업 시장,"[퇴근길머니] 코스피, 최고가 연일 경신…하락장 베팅한 개미들 '비명'",http://www.yonhapnewstv.co.kr/news/MYH202605071723568Vj,2026-05-10,금융권,trend
은행 취업 시장,[퇴근길머니] '꿈의 7천피' 달성…묻지마 '매수' 리포트,http://www.yonhapnewstv.co.kr/news/MYH20260506172446Y43,2026-05-10,금융권,trend
은행 취업 시장,"[증권가 이모저모] ""달라진 위상""…변호사·회계사보다 증권사",https://news.einfomax.co.kr/news/articleView.html?idxno=4413203,2026-05-10,금융권,trend
은행 취업 시장,4월 물가 얼마나 뛰었나...3월 경상수지 주목 [한동훈의 위클리전망대],https://www.sedaily.com/article/20039611?ref=naver,2026-05-10,금융권,trend
은행 취업 시장,"“IT 기술, 장애인 업무 장벽 낮춰… 금융권과 협력해 디지털 인력 양성...",https://www.chosun.com/special/special_section/2026/04/29/UEQBO7ZWVBHU7LWBBXVJUTR6IQ/?utm_source=naver&utm_medium=referral&utm_campaign=naver-news,2026-05-10,금융권,trend
금융 공채 일정,[채용소식] 상반기 채용시장 회복세...하반기 채용트렌드 '선별적 확대...,http://www.sisacast.kr/news/articleView.html?idxno=95749,2026-05-10,금융권,trend
금융 공채 일정,[Who Is ?] 구본욱 KB손해보험 대표이사 사장,https://www.businesspost.co.kr/BP?command=article_view&num=436550,2026-05-10,금융권,trend
금융 공채 일정,"신협중앙회, 하반기 공채 돌입…학력·전공 제한 없다",https://news.mtn.co.kr/news-detail/2026050413221720774,2026-05-10,금융권,trend
금융 공채 일정,"[증권 뉴스브리핑] 1분기 ABS 발행 11.4조/거래소, 초유의 '공시번복사태...",https://www.asiatime.co.kr/article/20260430500244,2026-05-10,금융권,trend
증권사 신입 채용,"키움증권, '키움 디지털 아카데미' 4기 발대식 개최",https://www.lcnews.co.kr/news/articleView.html?idxno=201836,2026-05-10,금융권,trend
증권사 신입 채용,합의 없이 끝난 삼성바이오로직스 전면파업…커지는 투자·계약 리스크,https://www.kukinews.com/article/view/kuk202605060169,2026-05-10,금융권,trend
증권사 신입 채용,"국세청, 불법 리딩방·주가조작·터널링 31곳 세무조사…탈루 혐의 2조 ...",https://www.sedaily.com/article/20041016?ref=naver,2026-05-10,금융권,trend
증권사 신입 채용,"국민참여성장펀드, 22일 판매 개시…투자액 최대 40% 소득공제",https://www.sedaily.com/article/20041015?ref=naver,2026-05-10,금융권,trend
증권사 신입 채용,"[김의석의 단상] 김남구의 화요일, 한투를 키운 성장의 DNA",http://www.fntimes.com/html/view.php?ud=202605041651564662c1c16452b0_18,2026-05-10,금융권,trend
보험사 채용 트렌드,[증권 뉴스브리핑] 올해 정기주총서 '전자투표 이용' 역대 최대/신용정...,https://www.asiatime.co.kr/article/20260428500290,2026-05-10,금융권,trend
보험사 채용 트렌드,"[자투리 뉴스] 금융·산업, 서비스·사회공헌·마케팅 활동 풍성",https://www.seoultimes.news/news/article.html?no=2000095272,2026-05-10,금융권,trend
보험사 채용 트렌드,"[취준생을 위하여(290)] 한화생명, 글로벌종합금융을 겨냥한 성장과 인...",https://www.news2day.co.kr/article/20260414500176,2026-05-10,금융권,trend
보험사 채용 트렌드,"'무경험·N잡러' 보험설계사 확산에···금감원, 불완전판매 '주시'",https://www.seoulfn.com/news/articleView.html?idxno=626736,2026-05-10,금융권,trend
보험사 채용 트렌드,"[산업소식] 삼성전자 2026년형 TV·사운드바, 獨 '탄소저감' 인증 획득",http://www.4th.kr/news/articleView.html?idxno=2110155,2026-05-10,금융권,trend
네이버 개발자 채용,[RX-Shift ②] 누가 누가 잘하나,https://www.econovill.com/news/articleView.html?idxno=739638,2026-05-10,IT_SW,company
네이버 개발자 채용,"잡코리아, 직장인 커리어 점검 돕는다… 온라인 이력서 페스티벌 'WORK F...",https://edu.donga.com/news/articleView.html?idxno=107291,2026-05-10,IT_SW,company
네이버 개발자 채용,"잡코리아, '이력서의 축제화' 선언…온라인 페스티벌 'WORK FEST' 연다",https://www.thefairnews.co.kr/news/articleView.html?idxno=76368,2026-05-10,IT_SW,company
카카오 공채,지지선언에 개소식에… 부산교육감 선거 서서히 달아올라,https://www.nocutnews.co.kr/news/6513693?utm_source=naver&utm_medium=article&utm_campaign=20260507050507,2026-05-10,IT_SW,company
카카오 공채,"""2년 내 원화스테이블코인 현실화…금융권 핵심 인프라 파트너 승부""",http://www.edaily.co.kr/news/newspath.asp?newsid=02810966645446624,2026-05-10,IT_SW,company
카카오 공채,"'코미디언 부부' 김해준·김승혜, 임신 17주 ""아기천사 찾아와""",https://www.nocutnews.co.kr/news/6512294?utm_source=naver&utm_medium=article&utm_campaign=20260505102440,2026-05-10,IT_SW,company
카카오 공채,"노영희 ""정진석 공천 절대 안 돼…尹어게인 세력""[한판승부]",https://www.nocutnews.co.kr/news/6512220?utm_source=naver&utm_medium=article&utm_campaign=20260505100544,2026-05-10,IT_SW,company
카카오 공채,"'이혼숙려캠프' 이동건 합류에 진태현 ""하차? 멋지게 보내달라""",https://www.nocutnews.co.kr/news/6511739?utm_source=naver&utm_medium=article&utm_campaign=20260504093128,2026-05-10,IT_SW,company
토스 채용,클래리티 법안 7월 통과 목표…美 암호화폐 시장 구조 정리 본격화 [진...,http://www.joseilbo.com/news/news_read.php?uid=567957&class=18&grp=,2026-05-10,IT_SW,company
토스 채용,[더밸류 브리핑] 오늘의 보험 소식…DB손보·KB손보·토스인슈어런스,http://www.thevaluenews.co.kr/news/view.php?idx=198564,2026-05-10,IT_SW,company
토스 채용,"토스인슈어런스, 보험설계사 '세대교체' 이끈다",https://www.lcnews.co.kr/news/articleView.html?idxno=201807,2026-05-10,IT_SW,company
토스 채용,"토스인슈어런스, '무료교육'으로 신입 설계사 820명 위촉",https://www.newsis.com/view/NISX20260507_0003620211,2026-05-10,IT_SW,company
쿠팡 채용,[전망] 넷플릭스 '게임 진출' 가속화… 쿠팡플레이·티빙 영향권 들어가...,http://www.economytalk.kr/news/articleView.html?idxno=421198,2026-05-10,IT_SW,company
쿠팡 채용,[이번주 뭐보지] 이색 리얼리티에 빅매치 중계도… 예능&amp;스포츠 라인업...,https://www.newscj.com/news/articleView.html?idxno=3399129,2026-05-10,IT_SW,company
쿠팡 채용,[단독] 근로감독관도 재산신고·취업심사 대상,https://www.hankyung.com/article/2026050722631,2026-05-10,IT_SW,company
쿠팡 채용,"차승원→메릴 스트립, 쿠팡플레이 5월 1주차 추천작",https://www.bntnews.co.kr/article/view/bnt202605070137,2026-05-10,IT_SW,company
쿠팡 채용,"""이제 직접 만든다""… 유통업계, 뷰티 PB 키우는 속사정",http://www.seoulwire.com/news/articleView.html?idxno=720054,2026-05-10,IT_SW,company
배달의민족 채용,[잡] 사람인 삼성전자 협력사 채용관 오픈 外,https://www.slist.kr/news/articleView.html?idxno=737640,2026-05-10,IT_SW,company
배달의민족 채용,"[HR 뉴스 브리핑] 리멤버, 헤드헌팅 전략 자회사 '에버브레인써치' 공식...",https://www.asiatime.co.kr/article/20260508500023,2026-05-10,IT_SW,company
당근마켓 채용,[정부 주요 일정] 경제·사회부처 주간 일정 (4월 27일 ~ 5월 1일),https://www.etoday.co.kr/news/view/2579172,2026-05-10,IT_SW,company
당근마켓 채용,"[달성군 소식] 전국 첫 '1:1 신혼적금' 도입한 달성군. . .""저축액 2배로...",https://www.ilyoseoul.co.kr/news/articleView.html?idxno=516122,2026-05-10,IT_SW,company
당근마켓 채용,연말 대한항공·아시아나 뭉치니 ‘태권브이’ 떴다…당근서 58만원? “...,https://biz.heraldcorp.com/article/10719719?ref=naver,2026-05-10,IT_SW,company
당근마켓 채용,[잘먹잘살+]오아시스마켓·무신사·유니클로·컬리 등,https://www.businessplus.kr/news/articleView.html?idxno=110786,2026-05-10,IT_SW,company
당근마켓 채용,요양보호사 대란에 어르신 못받아…처우는 18년째 최저임금,https://news.kbs.co.kr/news/pc/view/view.do?ncd=8533186&ref=A,2026-05-10,IT_SW,company
SW 개발자 채용 시장,클로드 쇼크...‘사스포칼립스’ 넘어 ‘화이트칼라 대공황’까지 [엔스...,https://www.etoday.co.kr/news/view/2581234,2026-05-10,IT_SW,trend
SW 개발자 채용 시장,"[MZ도 꼰대, 'AZ세대'가 뜬다①] ﻿열 명 몫도 거뜬... AZ 중심 산업구조...",https://www.ilovepc.co.kr/news/articleView.html?idxno=58647,2026-05-10,IT_SW,trend
SW 개발자 채용 시장,"K-스타트업의 미래는?…""기회의 땅"" 인도에서 길 찾다",https://www.newsis.com/view/NISX20260429_0003612031,2026-05-10,IT_SW,trend
SW 개발자 채용 시장,"[청년 취업 대란]⑬ ""왜 다 떨어지나 했더니""…기업이 원하는 인재는 따...",https://www.newspim.com/news/view/20260429000906,2026-05-10,IT_SW,trend
IT 취업 전망,[여경 코멘토] 4월 마지막~5월 첫째 주 4명 활동···31건 지적·의견 무...,https://www.womaneconomy.co.kr/news/articleView.html?idxno=253508,2026-05-10,IT_SW,trend
IT 취업 전망,"오산시, 경기청년 역량강화 기회지원 사업 본격 시행",http://www.breaknews.com/1205908,2026-05-10,IT_SW,trend
IT 취업 전망,조지연 의원 대표발의 민생법안 2건 국회 본회의 통과,http://www.breaknews.com/1206016,2026-05-10,IT_SW,trend
스타트업 채용 트렌드,[오늘의 건설 브리핑] ESG·상생·인재·AI까지···건설업계 '현장형 미...,https://www.smartbizn.com/news/articleView.html?idxno=143464,2026-05-10,IT_SW,trend
스타트업 채용 트렌드,"AI로 자소서 쓰는 시대…무하유 ""진짜 역량 가려낸다""",https://www.mt.co.kr/future/2026/05/07/2026050708293159598,2026-05-10,IT_SW,trend
스타트업 채용 트렌드,"무하유, AI 채용 솔루션 2종 선봬… 교차진단으로 지원자 역량 예측",https://www.industrynews.co.kr/news/articleView.html?idxno=80740,2026-05-10,IT_SW,trend
스타트업 채용 트렌드,"무하유, '원티드 하이파이브 2026' 참가… AI 자소서 시대 '역량 검증' 기...",https://www.public25.com/news/articleView.html?idxno=45780,2026-05-10,IT_SW,trend
백엔드 개발자 구직,"연세IT미래교육원, 5월 핵심 과정 개강…AI개발∙게임콘텐츠 등 취업 연...",https://www.it-b.co.kr/news/articleView.html?idxno=88012,2026-05-10,IT_SW,trend
백엔드 개발자 구직,"청년 일자리 정책, 현장에 답 있다…""경험 기회·사후관리 확대 필요""",https://www.youthdaily.co.kr/news/article.html?no=217846,2026-05-10,IT_SW,trend
백엔드 개발자 구직,웍스피어 '잡코리아 데브콘'에서 한자리 모인다...'실전 취업 전략부터...,https://www.mhns.co.kr/news/articleView.html?idxno=743607,2026-05-10,IT_SW,trend
백엔드 개발자 구직,"웍스피어, 개발자 역량 강화·고민 들어주는 '잡코리아 데브콘' 개최",https://www.g-enews.com/view.php?ud=2026040309493731893d7a510102_1,2026-05-10,IT_SW,trend
백엔드 개발자 구직,"""AI 시대, 개발자 고민 완전 정복""... 웍스피어, 무료 온라인 컨퍼런스 ...",https://edu.donga.com/news/articleView.html?idxno=105729,2026-05-10,IT_SW,trend
AI 엔지니어 채용,[인터뷰] ‘창립 50주년’ 애플에 등장한 공동 창업자… 로널드 웨인 “...,https://biz.chosun.com/it-science/ict/2026/05/09/NDRX2A6CKJET3KEXG34FJ3BNVI/?utm_source=naver&utm_medium=original&utm_campaign=biz,2026-05-10,IT_SW,trend
AI 엔지니어 채용,美 주택시장 흔드는 'AI 해고'…한국 상황은?,https://www.mt.co.kr/industry/2026/05/08/2026050615055144666,2026-05-10,IT_SW,trend
AI 엔지니어 채용,베이징대 졸업생이 배달 알바...누가 이들을 취업 포기자로 만들었나,https://www.chosun.com/special/2026/05/08/OWAMNWWTPVBVLM5JWXVQREUBZM/?utm_source=naver&utm_medium=referral&utm_campaign=naver-news,2026-05-10,IT_SW,trend
AI 엔지니어 채용,"구글, 개발자 채용 면접때 AI 활용능력 본다...“인간 주도, AI 보조”",https://www.nongmin.com/article/20260508500250,2026-05-10,IT_SW,trend
삼성전자 채용,"40조 요구 ""공부 많이 한 분들""…삼성전자 노조 '선민의식' 도마 위",https://www.apnews.kr/news/articleView.html?idxno=3048436,2026-05-10,IT_HW,company
삼성전자 채용,"""DX 패싱에 질렸다""…'초기업→전삼노' 교섭권 회수 목소리 본격화",https://it.chosun.com/news/articleView.html?idxno=2023092161795,2026-05-10,IT_HW,company
삼성전자 채용,"삼성전자 非반도체 직원들 ""초기업노조 교섭권 회수하라""… 노노갈등 격...",https://www.ebn.co.kr/news/articleView.html?idxno=1708129,2026-05-10,IT_HW,company
삼성전자 채용,"""DX는 찬밥 신세""…삼성 노조 '교섭권 회수' 반발",https://www.newsway.co.kr/news/view?ud=2026050916015287314,2026-05-10,IT_HW,company
삼성전자 채용,"삼성전자 노조 ‘공조 붕괴’… 전삼노, 초기업노조 독단에 “교섭권 회...",https://www.mediapen.com/news/view/1097893,2026-05-10,IT_HW,company
SK하이닉스 공채,평생직장 사라진 시대…'성과급'을 바라보는 청년의 다른 시선 [이동수...,https://www.sisajournal.com/news/articleView.html?idxno=371403,2026-05-10,IT_HW,company
SK하이닉스 공채,[증권가로수]한투증권/유안타증권/KB증권/미래에셋/신한운용/마스턴운용,https://www.dnews.co.kr/uhtml/view.jsp?idxno=202604301454592250322,2026-05-10,IT_HW,company
SK하이닉스 공채,"전원주, 치매 초기 진단 근황…""사람 못 알아봐서 오해받아""",https://www.topstarnews.net/news/articleView.html?idxno=16048430,2026-05-10,IT_HW,company
SK하이닉스 공채,‘10억대’ 대박 성과급에 SK하이닉스 공채 지원 열풍,https://weekly.donga.com/3/all/11/6206002/1,2026-05-10,IT_HW,company
LG디스플레이 채용,"시그마인텔 ""中패널업체, 삼성 갤럭시S 일반형 OLED 공급 노린다""",https://zdnet.co.kr/view/?no=20260508220338,2026-05-10,IT_HW,company
LG디스플레이 채용,[Who Is ?] 구본능 희성그룹 회장,https://www.businesspost.co.kr/BP?command=article_view&num=436999,2026-05-10,IT_HW,company
LG디스플레이 채용,[Who Is ?] 문혁수 LG이노텍 대표이사 사장,https://www.businesspost.co.kr/BP?command=article_view&num=436752,2026-05-10,IT_HW,company
LG디스플레이 채용,5월 1주 주요 제조업 전망,https://www.laborplus.co.kr/news/articleView.html?idxno=40793,2026-05-10,IT_HW,company
LG디스플레이 채용,"삼성D·LGD, 美 '디스플레이위크' 참가...OLED, 中 격차 확대 '총력'",https://www.techm.kr/news/articleView.html?idxno=151569,2026-05-10,IT_HW,company
삼성디스플레이 채용,삼성도 뛰어든 제조 로봇 전쟁...아틀라스 대항마 나오나,https://www.etoday.co.kr/news/view/2582737,2026-05-10,IT_HW,company
삼성디스플레이 채용,삼성전자 공장에 '로봇 군단' 뜨나,http://www.smedaily.co.kr/news/articleView.html?idxno=356638,2026-05-10,IT_HW,company
삼성디스플레이 채용,"보는 순간, 답이 뜨는 AI 안경... 도덕성 탓하다간 큰 걸 놓친다",https://www.ohmynews.com/NWS_Web/View/at_pg.aspx?CNTN_CD=A0003231510&CMPT_CD=P0010&utm_source=naver&utm_medium=newsearch&utm_campaign=naver_news,2026-05-10,IT_HW,company
DB하이텍 채용,기업-학생 잇는 호텔·리조트 채용 설명회,http://www.gnmaeil.com/news/articleView.html?idxno=586082,2026-05-10,IT_HW,company
DB하이텍 채용,"경남교육청, '기업-학생' 잇는 호텔·리조트 분야 채용 설명회",https://www.gnnews.co.kr/news/articleView.html?idxno=636471,2026-05-10,IT_HW,company
DB하이텍 채용,"경남교육청, '기업-학생'잇는 호텔·리조트 분야 채용 설명회 개최",https://www.newsgn.com/news/articleView.html?idxno=550994,2026-05-10,IT_HW,company
DB하이텍 채용,경남교육청 호텔·리조트 분야 채용 설명회 개최,https://www.mt.co.kr/policy/2026/05/07/2026050717202859936,2026-05-10,IT_HW,company
DB하이텍 채용,"경남교육청, 호텔·리조트 우수기업 설명회 가져",https://www.straightnews.co.kr/news/articleView.html?idxno=301902,2026-05-10,IT_HW,company
반도체 채용 전망,"[메가이슈토픽] ""DS만 챙긴다"" 내부 균열 폭발…삼성전자 노조 공조체제...",https://www.megaeconomy.co.kr/news/newsview.php?ncode=1065592053098570,2026-05-10,IT_HW,trend
반도체 채용 전망,"삼전 非반도체 터졌다…""반도체만 노조? 전삼노가 나서라"" 노노 갈등 폭...",https://www.news1.kr/industry/general-industry/6161424,2026-05-10,IT_HW,trend
반도체 채용 전망,"영남이공대학교, 온세미컨덕터코리아와 맞손...반도체 취업 역량 강화",https://www.gukjenews.com/news/articleView.html?idxno=3577364,2026-05-10,IT_HW,trend
HW 엔지니어 구직,"진학사 캐치 ""2026년 주요 기업 채용 본격화""…대상·현대차·세스코 등...",https://www.job-post.co.kr/news/articleView.html?idxno=203442,2026-05-10,IT_HW,trend
HW 엔지니어 구직,[과기관계장관회의]국산 NPU 공공에 적용…AI 실무인력 100만명 양성,https://www.etnews.com/20251218000331,2026-05-10,IT_HW,trend
HW 엔지니어 구직,올 상반기 개발자 채용 시장 살펴보니 .... 수요와 공급 모두 서버/백엔...,http://www.worktoday.co.kr/news/articleView.html?idxno=73288,2026-05-10,IT_HW,trend
HW 엔지니어 구직,기업 가장 선호하는 개발자 직군 '서버·백엔드 개발',https://magazine.hankyung.com/job-joy/article/202508275859d,2026-05-10,IT_HW,trend
HW 엔지니어 구직,"사람인-점핏, ‘2025 상반기 개발자 채용 리포트’ 공개…직무·경력별...",https://www.news2day.co.kr/article/20250827500153,2026-05-10,IT_HW,trend
반도체 취업 시장,[탐사보도 뉴스프리즘] 하이닉스가 쏘아 올린 성과급 경쟁,http://www.yonhapnewstv.co.kr/news/MYH20260508145129n0i,2026-05-10,IT_HW,trend
반도체 취업 시장,SK하이닉스 채용에 서점가도 들썩…취업수험서 시장 반등,https://www.newsis.com/view/NISX20260508_0003622428,2026-05-10,IT_HW,trend
반도체 취업 시장,"""사무직보다 킹산직""... Z세대 직업관 달라진 이유는?",http://woman.chosun.com/news/articleView.html?idxno=125789,2026-05-10,IT_HW,trend
반도체 취업 시장,‘연봉 7000만 원 생산직’ vs ‘3000만 원 사무직’… Z세대 10명 중 7명...,https://www.segye.com/newsView/20260508503854?OutUrl=naver,2026-05-10,IT_HW,trend
공정 엔지니어 채용,“소프트웨어는 더 배고파질 것” AI 시대에도 개발자는 사라지지 않아,https://www.itworld.co.kr/article/4168148/ai가-코드를-쓰는-시대-오히려-폭증할-소프트웨어-개발.html,2026-05-10,IT_HW,trend
공정 엔지니어 채용,[HR 뉴스브리핑] 현대백화점그룹·포스코 등… 주요기업 채용 '활발',https://www.asiatime.co.kr/article/20260507500041,2026-05-10,IT_HW,trend
공정 엔지니어 채용,"조용식 ""울산 직업계고, 이차전지·AI 인재 양성소로 재구조화""",https://www.ohmynews.com/NWS_Web/View/at_pg.aspx?CNTN_CD=A0003231617&CMPT_CD=P0010&utm_source=naver&utm_medium=newsearch&utm_campaign=naver_news,2026-05-10,IT_HW,trend
공정 엔지니어 채용,존재감 키우는 부산 로보틱스 기업들,https://www.hankyung.com/article/2026050695651,2026-05-10,IT_HW,trend
회로설계 채용 트렌드,"[Y인사이트] '뉴 스페이스' 시대, 우주용 반도체 7종 국산화 시동",https://www.thelec.kr/news/articleView.html?idxno=56167,2026-05-10,IT_HW,trend
회로설계 채용 트렌드,"삼성전기, 부산서 'AI 부품 로드쇼'…글로벌 고객 300명 집결",http://www.hansbiz.co.kr/news/articleView.html?idxno=834831,2026-05-10,IT_HW,trend
회로설계 채용 트렌드,[Who Is ?] 신영환 대덕전자 대표이사 사장,https://www.businesspost.co.kr/BP?command=article_view&num=435658,2026-05-10,IT_HW,trend
회로설계 채용 트렌드,"리벨리온, '국민성장펀드 1호 타이틀' 채용에 적극 활용한다",https://www.smarttoday.co.kr/ko-kr/articles/106152,2026-05-10,IT_HW,trend
회로설계 채용 트렌드,"팹리스 업계, “설계 인력난 해결할 현장형 맞춤 인재 시급”",https://www.etnews.com/20260330000250,2026-05-10,IT_HW,trend
삼성바이오로직스 채용,"삼성바이오 노사, ‘빈손 협상’에 형사고발까지…CDMO 경쟁력 ‘몸살 ...",https://www.ekn.kr/web/view.php?key=20260509028123209,2026-05-10,바이오,company
삼성바이오로직스 채용,삼성 '파업 리스크'… 70년 된 '대체근로 금지'가 발목 잡나,https://www.mediapen.com/news/view/1097845,2026-05-10,바이오,company
삼성바이오로직스 채용,삼성바이오 2차파업 피했지만…노사 갈등 장기화 조짐,https://www.newsis.com/view/NISX20260508_0003622472,2026-05-10,바이오,company
삼성바이오로직스 채용,[알아BIO] '파업 리스크'에 떨고 있는 삼성바이오… 주가·수주 '비상등...,http://www.yonhapnewstv.co.kr/news/AKR20260507173119OV0,2026-05-10,바이오,company
셀트리온 공채,"[자투리 뉴스] 가정의 달 앞두고 기업들, 체험·혜택·기술 경쟁 확대",https://www.seoultimes.news/news/article.html?no=2000095299,2026-05-10,바이오,company
셀트리온 공채,"[산업소식] 삼성전자, 에어컨 설치 전담팀 가동",http://www.4th.kr/news/articleView.html?idxno=2110848,2026-05-10,바이오,company
셀트리온 공채,"[제약+] GC녹십자, 美 라레도 혈장센터 FDA 허가 획득 外",https://news.dealsitetv.com/articles/168470,2026-05-10,바이오,company
셀트리온 공채,"[제약+] 셀트리온, 'CT-P71' 美 FDA 패스트트랙 지정 外",https://dealsite.co.kr/articles/159926,2026-05-10,바이오,company
셀트리온 공채,"“순혈주의는 옛말”…제약업계, 지금은 ‘외부 수혈’ 전성시대",https://biz.chosun.com/science-chosun/bio/2026/04/07/XIMGMHPH3VGJXAAMX4G6JX4UVY/?utm_source=naver&utm_medium=original&utm_campaign=biz,2026-05-10,바이오,company
유한양행 채용,"상위 제약사들, AI 신약개발 갈 길 멀다",http://www.newstomato.com/ReadNews.aspx?no=1300035&inflow=N,2026-05-10,바이오,company
유한양행 채용,"[시대리포트]'업계 최고 대우' 삼성바이오 파업, 권리인가 탐욕인가",https://www.sidae.com/article/2026050313041615163,2026-05-10,바이오,company
유한양행 채용,"[산업소식]DL이앤씨, '안양 에버포레 자연&amp; e편한세상' 5월 분양",http://www.4th.kr/news/articleView.html?idxno=2111220,2026-05-10,바이오,company
유한양행 채용,[현장] 정부 채용박람회에서 확인된 제약업계 구직 관심도,https://www.medipana.com/news/articleView.html?idxno=410502,2026-05-10,바이오,company
유한양행 채용,"삼성바이오로직스, 이직률 1%대로 업계 최저…'파업 위기'에도 보상 경...",http://www.press9.kr/news/articleView.html?idxno=75459,2026-05-10,바이오,company
대웅제약 채용,"[경력채용] 대웅제약, 삼일제약, 팜비오, 안국약품, 신신제약",https://www.hitnews.co.kr/news/articleView.html?idxno=75780,2026-05-10,바이오,company
대웅제약 채용,신약 심사 240일로 단축…경쟁력 기대·전문성 우려 교차,https://news.tf.co.kr/read/economy/2315995.htm,2026-05-10,바이오,company
대웅제약 채용,"유한양행 등 '연봉 1억클럽' 4개사… SK바이오팜, 최고상승 '두둑'",http://www.medisobizanews.com/news/articleView.html?idxno=137577,2026-05-10,바이오,company
대웅제약 채용,"'195명 신규채용' 덩치 커진 식약처…""심사단축 가속도""",https://www.newsis.com/view/NISX20260421_0003599946,2026-05-10,바이오,company
대웅제약 채용,"바이오 정책은 '육성', 제약 현장은 '위축'…엇갈린 온도차는 왜?",https://www.hitnews.co.kr/news/articleView.html?idxno=75510,2026-05-10,바이오,company
한미약품 채용,"[르포]""대기업이 보증한다""…협력사 지원사격 나선 큰형님들",https://view.asiae.co.kr/article/2026042818410286164,2026-05-10,바이오,company
한미약품 채용,상생 채용박람회에 700개 기업 모였다 [뉴스+현장],https://www.wowtv.co.kr/NewsCenter/News/Read?articleId=A202604280361&t=NNv,2026-05-10,바이오,company
한미약품 채용,"[르포] ""취업 정보 찾으러 왔어요""…채용박람회에 청년들 몰렸다",https://www.newspim.com/news/view/20260428001074,2026-05-10,바이오,company
한미약품 채용,"대한민국 청년 채용의 모든 것…한경협, 민관합동 청년 일자리 '총력전...",https://www.epnc.co.kr/news/articleView.html?idxno=401088,2026-05-10,바이오,company
간호사 채용 전망,"""AI·로봇수술·중증치료 혁신""…순천향대천안병원 새병원 1주년 '지역완...",http://www.thefirstmedia.net/news/articleView.html?idxno=199156,2026-05-10,바이오,trend
간호사 채용 전망,인공지능 비관론 vs 낙관론…내 일자리는 어디로 갈까,https://www.hani.co.kr/arti/economy/economy_general/1257196.html,2026-05-10,바이오,trend
간호사 채용 전망,간호사 1인당 환자 수 법제화 '복지위 통과',https://www.safetimes.co.kr/news/articleView.html?idxno=242442,2026-05-10,바이오,trend
간호사 채용 전망,통합돌봄 시행 한 달···인력·인프라 부족 '끙끙',https://www.agrinet.co.kr/news/articleView.html?idxno=403763,2026-05-10,바이오,trend
간호사 채용 전망,만성 인력난 시달리는 치매 안심 센터 [치매 재산 관리 서비스 시행],https://www.cctoday.co.kr/news/articleView.html?idxno=2229284,2026-05-10,바이오,trend
제약회사 취업 시장,런던에서 읽는 생성형 AI 시대의 경제 ⑤ 맬서스의 망령 | AI -인간 상호...,http://monthly.chosun.com/client/news/viw.asp?ctcd=I&nNewsNumb=202605100059,2026-05-10,바이오,trend
제약회사 취업 시장,[일하는 청년 빛나는 미래-광주 신세계] 한 발 빠른 트렌드 선도해 소비...,http://www.kwangju.co.kr/article.php?aid=1770762600795538380,2026-05-10,바이오,trend
제약회사 취업 시장,넥스트 K뷰티 ‘탈모 이코노미’ [스페셜리포트],https://www.mk.co.kr/article/11921584,2026-05-10,바이오,trend
제약회사 취업 시장,"[경복대학교 소식] 경복대학교 치위생학과, 한국치위생학회 학생부 포스...",https://www.ilyoseoul.co.kr/news/articleView.html?idxno=509161,2026-05-10,바이오,trend
제약회사 취업 시장,"경복대 반려동물보건과, 재학생 7명 '실험동물기술원 2급' 인증서 취득",https://www.cstimes.com/news/articleView.html?idxno=676466,2026-05-10,바이오,trend
임상연구원 구직,AI관련 박사 학위자 수요 늘어난다…급변하는 취업 시장 대처법,https://www.koreadaily.com/article/20260419192009641,2026-05-10,바이오,trend
임상연구원 구직,"[지선 D-50] 민주, 대전 서구청장 본경선 앞 예비후보들 '정책 차별화' ...",https://www.joongdo.co.kr/web/view.php?key=20260413010003877,2026-05-10,바이오,trend
임상연구원 구직,"[POP!대학가] 세종대 세종콘서바토리, 글로벌 음악 인재 발굴의 장 '제2...",http://www.popcornnews.net/news/articleView.html?idxno=117918,2026-05-10,바이오,trend
임상연구원 구직,"""법률서비스 수요 증가에 맞춰 변호사 선발·교육 대응해야""",http://www.lec.co.kr/news/articleView.html?idxno=751843,2026-05-10,바이오,trend
임상연구원 구직,"KH한국건강관리협회, 고립ㆍ은둔 청년 맞춤형 진로ㆍ취업 지원 外",http://www.newsmp.com/news/articleView.html?idxno=252503,2026-05-10,바이오,trend
바이오 채용 트렌드,[패트롤] 영천시-청도군-대구 북구-영남이공대-계명대-대구디지털혁신...,https://www.ekn.kr/web/view.php?key=20260508023053152,2026-05-10,바이오,trend
바이오 채용 트렌드,벚꽃 엔딩은 경고장일 뿐... 생존 위한 글로컬 승부수 던져졌다,https://www.kyosu.net/news/articleView.html?idxno=205346,2026-05-10,바이오,trend
바이오 채용 트렌드,"[지금, 대학가는] 한림대 글로벌프론티어리서치센터–강원테크노파크,...",http://www.bizwnews.com/news/articleView.html?idxno=135635,2026-05-10,바이오,trend
바이오 채용 트렌드,[TIG 21] 'P의 거짓'으로 가치를 증명한 라운드8 스튜디오의 다음 도전은...,https://www.thisisgame.com/articles/422252,2026-05-10,바이오,trend
의료기기 채용,"[경력채용] JW중외제약, 대웅바이오, 제약바이오협회, 오츠카제약",https://www.hitnews.co.kr/news/articleView.html?idxno=75971,2026-05-10,바이오,trend
의료기기 채용,"휴젤 1분기 영업이익 476억원…""역대 １분기 사상최대 실적""",http://www.biztribune.co.kr/news/articleView.html?idxno=353644,2026-05-10,바이오,trend
의료기기 채용,"에이피알, '마케팅 집중'효과 톡톡...R&amp;D 투자 비중은 숙제",https://www.bloter.net/news/articleView.html?idxno=661682,2026-05-10,바이오,trend
의료기기 채용,'연봉 최대 7000만원'…의료제품 심사원 13명 뽑는다,https://www.public25.com/news/articleView.html?idxno=45837,2026-05-10,바이오,trend
의료기기 채용,"[경력채용] 종근당바이오, 동구바이오제약, 알지노믹스, 리가켐",https://www.hitnews.co.kr/news/articleView.html?idxno=75933,2026-05-10,바이오,trend
HYBE 채용,"아이비뮤직댄스아카데미, 강사진 공개 채용… 현장 경험 중심 엄격 선발",https://www.gokorea.kr/news/articleView.html?idxno=863816,2026-05-10,엔터,company
HYBE 채용,이번 주 百빅3 가면 생기는 일,https://www.newscj.com/news/articleView.html?idxno=3384051,2026-05-10,엔터,company
HYBE 채용,"영등포구, '현직자와의 만남' 개최… 삼성 등 기업 멘토가 전하는 취업...",https://www.pinpointnews.co.kr/news/articleView.html?idxno=435702,2026-05-10,엔터,company
HYBE 채용,"[유통가 레이더] 'BTS 5집' 어디서... 신세계百, 국내 유통사 유일 방탄...",https://www.greened.kr/news/articleView.html?idxno=337800,2026-05-10,엔터,company
HYBE 채용,"[HCI &amp; UX 코리아 2026/Spring-②] “AI 에이전트 시대, UX는 편리함넘어...",https://www.etnews.com/20260206000020,2026-05-10,엔터,company
SM엔터 채용,"[오늘의 게임·IT 소식] 컴투스 '제우스: 오만의 신', 티저 사이트 오픈...",https://dealsite.co.kr/articles/161302,2026-05-10,엔터,company
SM엔터 채용,"아이돌팬, 주부 파고들었다…정원오의 ‘X 정치’ [런치정치]",https://www.ichannela.com/news/main/news_detailPage.do?publishId=000000520308,2026-05-10,엔터,company
SM엔터 채용,"한화투자 ""SM엔터 올해부터 수익성 상승 전망, 국내 신인 보이그룹 데뷔...",https://www.businesspost.co.kr/BP?command=article_view&num=427825,2026-05-10,엔터,company
SM엔터 채용,[1월23일자] 비즈니스포스트 아침의 주요기사,https://www.businesspost.co.kr/BP?command=article_view&num=427773,2026-05-10,엔터,company
SM엔터 채용,"[Y초점] 돈방석 앉은 K-팝 엔터사, 취업 문엔 쇠 빗장만",https://star.ytn.co.kr/_sn/0117_202512031716219356,2026-05-10,엔터,company
KBS 공채,"양상국, '핑계고 태도 논란' 속 '놀토' 출연해 한 말...""음악 잘 안 듣는...",https://www.mhnse.com/news/articleView.html?idxno=539810,2026-05-10,엔터,company
KBS 공채,"'효부' 이수지, 예능상 수상하자 시아버지 투병 고백하며 눈물...""방송 ...",https://www.mhnse.com/news/articleView.html?idxno=539739,2026-05-10,엔터,company
KBS 공채,"‘최동석과 이혼’ 박지윤, 과거 사진 보니 집착 쩔던 엄마 “커플룩에...",https://www.newsen.com/news_view.php?uid=202605091448402510,2026-05-10,엔터,company
KBS 공채,"황신혜, 동해 밤 풍경 속 포즈…여전히 빛나는 여유",https://www.topstarnews.net/news/articleView.html?idxno=16056136,2026-05-10,엔터,company
KBS 공채,"'김준호♥' 김지민, 시험관 시술 중 번아웃 고백하더니…어두운 조명 속...",https://www.tenasia.co.kr/article/2026050955094,2026-05-10,엔터,company
MBC 채용,[목요논박] 다시 찾은 노동절···'노동의 재발견,https://dgmbc.com/NewsArticle/839203,2026-05-10,엔터,company
MBC 채용,"[충북]""양팔 없는 당구왕"".. 쇠갈고리 의수로 큐 잡는 '신의 손'",https://kjmbc.co.kr/NewsArticle/1517566,2026-05-10,엔터,company
MBC 채용,우석대학교 'WS-전북&amp;완주 취업반 토크콘서트' 개최,https://www.kyosu.net/news/articleView.html?idxno=205576,2026-05-10,엔터,company
MBC 채용,"우석대, ‘WS-전북&amp;완주 취업반 토크콘서트’ 개최",https://dhnews.co.kr/news/view/1065590687033460,2026-05-10,엔터,company
MBC 채용,우석대 'WS-전북&amp;완주 취업반 토크콘서트' 개최,https://www.veritas-a.com/news/articleView.html?idxno=608645,2026-05-10,엔터,company
JTBC 채용,"[TN 인터뷰] 김세현 기상전문기자 ""기상 이변, 온난화 탓으로 돌려선 안...",https://www.ntoday.co.kr/news/articleView.html?idxno=126936,2026-05-10,엔터,company
JTBC 채용,"[단독] 종합특검, 이번엔 '조서 방치' 논란…SNS 조서 게시에 이어 또 기...",https://news.jtbc.co.kr/article/NB12297194?influxDiv=NAVER,2026-05-10,엔터,company
JTBC 채용,[AP 미디어동향 5월 1주] 월급 끊긴 TBS에 상업광고로 심폐소생,https://www.apnews.kr/news/articleView.html?idxno=3048388,2026-05-10,엔터,company
JTBC 채용,"[은행가] NH농협, 두달간 ATM 수수료 면제 外",https://www.slist.kr/news/articleView.html?idxno=736090,2026-05-10,엔터,company
JTBC 채용,"李 “구더기 생길까 장독 없애나, 소풍 보내야”",https://www.chosun.com/politics/blue_house/2026/04/29/OAUBUOUHNRC77GYBZYNNZQUQAY/?utm_source=naver&utm_medium=referral&utm_campaign=naver-news,2026-05-10,엔터,company
방송국 PD 채용,"AI 시대, 프롬프트보다 중요한 건 '무엇을 해결하느냐'",https://www.nocutnews.co.kr/news/6492680?utm_source=naver&utm_medium=article&utm_campaign=20260328024841,2026-05-10,엔터,trend
방송국 PD 채용,"범죄전문가 ""박왕열, 필리핀 가면 탈옥 빙자해 제3국 도주 가능성...그땐...",https://radio.ytn.co.kr/program/?f=2&id=108025&s_mcd=0263&s_hcd=01,2026-05-10,엔터,trend
방송국 PD 채용,"노동부, 프리랜서 PD·작가 등 노동자성 인정···'근로계약 체결' 지도",https://www.laborplus.co.kr/news/articleView.html?idxno=40193,2026-05-10,엔터,trend
방송국 PD 채용,출퇴근·지휘·책임은 직원처럼… 방송 프리랜서의 허상,https://www.asiatoday.co.kr/view.php?key=20260120010009605,2026-05-10,엔터,trend
방송작가 구직,"""쉬었음 청년"" 우린 쉰 적 없는데요?",https://www.ohmynews.com/NWS_Web/View/at_pg.aspx?CNTN_CD=A0003231825&CMPT_CD=P0010&utm_source=naver&utm_medium=newsearch&utm_campaign=naver_news,2026-05-10,엔터,trend
방송작가 구직,"미디어잡, 미디어 산업 특화 채용 플랫폼 운영",http://www.hansbiz.co.kr/news/articleView.html?idxno=835069,2026-05-10,엔터,trend
방송작가 구직,"“공고 1만개보다 맞는 10개”…채용시장, ‘버티컬 플랫폼’ 중심으로...",https://www.gosiweek.com/article/1065566359131466,2026-05-10,엔터,trend
방송작가 구직,"""정비사·방송작가에서 AI분야·요양보호사로""…국민내일배움카드 성공...",https://www.ajunews.com/view/20251217085605562,2026-05-10,엔터,trend
방송작가 구직,"'징징대지 않는 AI, 노동자보다 낫네'···""사람 지우기가 곧 혁신""",https://www.womaneconomy.co.kr/news/articleView.html?idxno=246617,2026-05-10,엔터,trend
엔터테인먼트 채용 전망,[게임뉴스] 크래프톤 및 엠게임 소식 외,https://www.gamevu.co.kr/news/articleView.html?idxno=57733,2026-05-10,엔터,trend
엔터테인먼트 채용 전망,[게임뉴스] 컴투스 및 펄어비스 소식 외,https://www.gamevu.co.kr/news/articleView.html?idxno=57695,2026-05-10,엔터,trend
엔터테인먼트 채용 전망,실리콘밸리 상위 1% 대우... 넷플릭스가 '11억 연봉' 써가며 채용하는 이...,https://www.insight.co.kr/news/552830,2026-05-10,엔터,trend
OTT 콘텐츠 채용,"[주말엔게임]""게임 개발자 11억에 모셔요""…넷플릭스는 왜 게임에 진심...",https://view.asiae.co.kr/article/2026050815364716453,2026-05-10,엔터,trend
OTT 콘텐츠 채용,"[산업소식] IPARK현대산업개발, 입주민 체험형 '아이파크 데이' 확대",http://www.4th.kr/news/articleView.html?idxno=2111363,2026-05-10,엔터,trend
OTT 콘텐츠 채용,[콘텐츠 인사이트] 넷플릭스가 게임 AI 인재에 11억원 거는 이유,https://www.bloter.net/news/articleView.html?idxno=661320,2026-05-10,엔터,trend
미디어 취업 시장,미국 로스앤젤레스에서 2026 K-Move 잡페어 개최,http://dream.kotra.or.kr/kotranews/cms/news/actionKotraBoardDetail.do?SITE_NO=3&MENU_ID=110&CONTENTS_NO=1&bbsGbn=245&bbsSn=245&pNttSn=241025,2026-05-10,엔터,trend
미디어 취업 시장,"""동틀 녘 모터 소리에 밤샘 피로가 싹""…단국대 Run2X가 달리는 이유",https://magazine.hankyung.com/job-joy/article/202604279916d,2026-05-10,엔터,trend
미디어 취업 시장,"[AI의 종목 이야기] 벤츠 ""중국 시장 회복 어려워"" 1Q 판매 27% 급감",https://www.newspim.com/news/view/20260424000808,2026-05-10,엔터,trend
